Gender,agegroup,Year,expected_deaths_black,hypothetical_excess,expected_rate_black
Female,20-24 years,1999,4.618149623174655,25.381850376825348,0.34679306580329067
Female,20-24 years,2000,3.5013583504784225,25.49864164952158,0.25713348279074166
Female,20-24 years,2001,5.85766037718418,14.142339622815822,0.41243229305261103
Female,20-24 years,2002,5.874279287956639,21.125720712043364,0.40436055957678657
Female,20-24 years,2003,4.705771021154486,23.294228978845513,0.31916363806971115
Female,20-24 years,2004,5.888460760076349,19.111539239923655,0.3968238221276899
Female,20-24 years,2005,3.5343773131006717,26.465622686899334,0.2383104362018337
Female,20-24 years,2006,3.5607582858518962,25.439241714148096,0.2393820878043923
Female,20-24 years,2007,5.277065324290075,28.722934675709926,0.3522681747160478
Female,20-24 years,2008,5.120653051585421,28.879346948414575,0.3369090074548337
Female,20-24 years,2009,6.469966848309238,33.53003315169076,0.416317600370971
Female,20-24 years,2010,5.080247275991919,29.919752724008077,0.31994926884393216
Female,20-24 years,2011,5.272342990311159,27.727657009688834,0.31547925794861825
Female,20-24 years,2012,8.954476316859227,39.045523683140765,0.5171436245750411
Female,20-24 years,2013,5.564885355794017,22.43511464420598,0.3143757919322684
Female,20-24 years,2014,4.246891415336398,33.75310858466361,0.23779572871312085
Female,20-24 years,2015,5.693237207016689,20.30676279298331,0.32308470941842005
Female,20-24 years,2016,5.664865047020571,23.335134952979427,0.330380447952938
Female,20-24 years,2017,7.0634124834369505,26.93658751656305,0.42102313336867686
Female,20-24 years,2018,8.409261169650971,18.590738830349025,0.511712065761141
Female,20-24 years,2019,8.640979710087903,26.3590202899121,0.5349759511052689
Female,20-24 years,2020,7.263503617223074,41.73649638277693,0.4509820654839835
Female,20-24 years,2021,7.5726766660163,33.4273233339837,0.47119547177661286
Female,20-24 years,2022,11.870105202297609,23.12989479770239,0.7038624451678587
Female,25-29 years,1999,3.27862372939619,35.721376270603805,0.24139903292328757
Female,25-29 years,2000,10.678768308016279,40.32123169198372,0.7938973113675178
Female,25-29 years,2001,9.341259257836308,60.658740742163694,0.716003373947606
Female,25-29 years,2002,5.757274336434411,69.2427256635656,0.4450115275786104
Female,25-29 years,2003,12.914617207957363,56.08538279204264,0.9970652452789405
Female,25-29 years,2004,8.84164538572587,77.15835461427415,0.6674536765192782
Female,25-29 years,2005,8.212673795797297,68.7873262042027,0.6024714411323434
Female,25-29 years,2006,8.932956596650731,60.06704340334929,0.6352875838224351
Female,25-29 years,2007,15.074058307239161,43.92594169276084,1.0507169583582812
Female,25-29 years,2008,11.086209703072454,76.91379029692754,0.7620095131213174
Female,25-29 years,2009,16.97709930570275,81.02290069429725,1.1631934571660472
Female,25-29 years,2010,14.842359650564914,66.15764034943508,1.0204139479248748
Female,25-29 years,2011,21.28499865668282,72.7150013433172,1.4522347876389001
Female,25-29 years,2012,18.429537620345624,48.57046237965439,1.2429647388660225
Female,25-29 years,2013,20.68050191262257,61.319498087377426,1.3690927473358665
Female,25-29 years,2014,14.043330425058286,71.95666957494173,0.8938715844927327
Female,25-29 years,2015,24.59874062556511,64.40125937443489,1.500383387439264
Female,25-29 years,2016,19.750058208854934,65.24994179114505,1.1563638295644727
Female,25-29 years,2017,24.840843387390283,64.15915661260972,1.4008826494613373
Female,25-29 years,2018,24.057298526561095,97.94270147343893,1.3283516500002812
Female,25-29 years,2019,24.123981473553307,77.8760185264467,1.327018830081242
Female,25-29 years,2020,25.058412823476363,124.94158717652364,1.4000693275708411
Female,25-29 years,2021,30.0420805684362,103.95791943156382,1.7488807163415414
Female,25-29 years,2022,29.370693903507995,91.629306096492,1.7551560691592838
Female,30-34 years,1999,6.933841487145843,80.06615851285417,0.49746323015165606
Female,30-34 years,2000,13.784294290707507,102.2157057092925,0.9953335199212291
Female,30-34 years,2001,20.566106254404325,106.43389374559568,1.481199981447596
Female,30-34 years,2002,19.901559230727038,131.09844076927294,1.428214808977029
Female,30-34 years,2003,24.626458877520275,120.37354112247972,1.7741843109815159
Female,30-34 years,2004,23.933144043237732,125.06685595676227,1.7385755464198063
Female,30-34 years,2005,27.378364268558624,131.6216357314414,2.026617357893926
Female,30-34 years,2006,25.847855431600976,132.15214456839902,1.9575761781156615
Female,30-34 years,2007,24.064250662721822,140.93574933727817,1.83224661541357
Female,30-34 years,2008,30.016861508555092,136.9831384914449,2.273589557403163
Female,30-34 years,2009,31.966849938203612,143.0331500617964,2.362648728737474
Female,30-34 years,2010,34.39275403011887,142.60724596988115,2.483575631431857
Female,30-34 years,2011,33.00601140636154,144.99398859363845,2.316728322977446
Female,30-34 years,2012,40.44751898129169,132.55248101870833,2.789182066582562
Female,30-34 years,2013,34.91505018484531,158.0849498151547,2.3741898890082482
Female,30-34 years,2014,46.00858590782513,129.9914140921749,3.099139536820683
Female,30-34 years,2015,44.97209215124515,125.02790784875486,3.0228705886590257
Female,30-34 years,2016,52.40800831788009,141.5919916821199,3.4973342452070875
Female,30-34 years,2017,56.93385391043759,151.06614608956238,3.745968662480185
Female,30-34 years,2018,54.47561692325035,168.52438307674967,3.516604636330091
Female,30-34 years,2019,46.50062341178237,171.49937658821761,2.901072472297149
Female,30-34 years,2020,60.553750381388696,251.44624961861126,3.626641942429424
Female,30-34 years,2021,76.27008164865951,258.72991835134053,4.414710378561416
Female,30-34 years,2022,78.42480254553904,290.5751974544609,4.438865059607955
Female,35-39 years,1999,20.74410802338379,185.25589197661623,1.3762172548631613
Female,35-39 years,2000,39.52127405665063,251.4787259433494,2.6252970340580544
Female,35-39 years,2001,42.956794677518495,247.0432053224815,2.879504567433329
Female,35-39 years,2002,48.24862005889968,236.75137994110034,3.287360304237694
Female,35-39 years,2003,48.20954558098426,256.7904544190157,3.345924026541684
Female,35-39 years,2004,45.00748850527195,231.99251149472806,3.1958305259867936
Female,35-39 years,2005,50.201861915720826,247.79813808427917,3.593568317908823
Female,35-39 years,2006,55.98693703454182,244.01306296545818,3.9832505810529346
Female,35-39 years,2007,55.412971541924605,270.58702845807534,3.9196567596076033
Female,35-39 years,2008,63.44489955551797,238.55510044448204,4.492386725789999
Female,35-39 years,2009,63.1035333561647,229.89646664383534,4.497734748020837
Female,35-39 years,2010,69.33971882709105,238.66028117290895,5.009548728938609
Female,35-39 years,2011,76.23364693376965,242.7663530662303,5.669573105493017
Female,35-39 years,2012,86.71180214104896,247.288197858951,6.478185020847575
Female,35-39 years,2013,81.02389285072212,222.97610714927788,6.0279400308094715
Female,35-39 years,2014,87.27810192107388,243.7218980789261,6.350657484965167
Female,35-39 years,2015,100.31308447821283,252.68691552178714,7.096661500731351
Female,35-39 years,2016,91.87709071122468,256.1229092887753,6.357154323024289
Female,35-39 years,2017,107.16555191401187,269.8344480859882,7.264742060379913
Female,35-39 years,2018,112.17117750708374,288.8288224929163,7.506714112573681
Female,35-39 years,2019,113.40837717762216,299.5916228223778,7.5542934511393325
Female,35-39 years,2020,142.43765865413906,396.56234134586106,9.476940572813366
Female,35-39 years,2021,162.6163401757737,452.3836598242263,10.640209287182435
Female,35-39 years,2022,154.02552634493622,411.97447365506383,10.043966131681715
Female,40-44 years,1999,43.14392763377422,307.85607236622576,3.0368162952365756
Female,40-44 years,2000,85.82047764392536,487.1795223560747,5.951415144882058
Female,40-44 years,2001,82.74799429647734,509.2520057035226,5.60814765316052
Female,40-44 years,2002,91.60343952440626,509.39656047559373,6.159589200709418
Female,40-44 years,2003,111.11292319279885,524.8870768072012,7.413117703601772
Female,40-44 years,2004,116.52903835867488,524.4709616413252,7.716332123440805
Female,40-44 years,2005,127.05871661185326,509.9412833881467,8.436111157268286
Female,40-44 years,2006,133.99333649646704,540.006663503533,8.96500773413998
Female,40-44 years,2007,139.91405414398784,483.08594585601213,9.507284957098376
Female,40-44 years,2008,145.6085733313419,495.3914266686581,10.06665122637514
Female,40-44 years,2009,142.4347499552942,496.5652500447058,10.070807225405487
Female,40-44 years,2010,142.35101216140967,428.6489878385904,10.135257712916125
Female,40-44 years,2011,152.94214444043587,459.0578555595641,10.84579909814168
Female,40-44 years,2012,165.71553977748914,398.2844602225109,11.704182442228936
Female,40-44 years,2013,169.74220046594985,425.2577995340502,12.017555319823247
Female,40-44 years,2014,178.90066343605707,405.0993365639428,12.719274316976584
Female,40-44 years,2015,182.48876191247993,430.5112380875201,13.160509830783637
Female,40-44 years,2016,190.82621507037808,411.1737849296219,14.10875073900904
Female,40-44 years,2017,198.0279840452618,397.97201595473825,14.652816831284952
Female,40-44 years,2018,195.35994809215097,415.640051907849,14.41884695633906
Female,40-44 years,2019,206.52522952120538,428.4747704787945,14.986131686332895
Female,40-44 years,2020,259.95789682764104,660.0421031723589,18.379792022135756
Female,40-44 years,2021,315.706238523128,771.2937614768721,21.635955583304526
Female,40-44 years,2022,306.86019213524196,663.139807864758,20.840944568069347
Female,45-49 years,1999,69.10875462630258,432.8912453736974,5.794195021337927
Female,45-49 years,2000,125.94068328599478,828.0593167140051,10.273190274537145
Female,45-49 years,2001,138.54592901271485,772.4540709872853,10.888294759846502
Female,45-49 years,2002,168.1730158456174,824.8269841543827,12.730003106983808
Female,45-49 years,2003,171.8934058644023,918.1065941355977,12.604484542921588
Female,45-49 years,2004,205.49385083597306,915.506149164027,14.692362805401022
Female,45-49 years,2005,221.47707204636023,835.5229279536397,15.422431902486732
Female,45-49 years,2006,231.70092161633923,944.2990783836608,15.85412630675178
Female,45-49 years,2007,252.98288828221933,855.0171117177808,17.16849255069251
Female,45-49 years,2008,267.18976565880047,982.8102343411996,17.98317954111525
Female,45-49 years,2009,293.1322493064126,874.8677506935874,19.581417222430886
Female,45-49 years,2010,289.7006382563903,804.2993617436099,19.393964269955777
Female,45-49 years,2011,310.10570607050073,751.8942939294994,21.023274734807266
Female,45-49 years,2012,307.03948221431335,800.9605177856865,21.128043025085695
Female,45-49 years,2013,322.1079606261484,701.8920393738516,22.550326423915244
Female,45-49 years,2014,319.2753565105842,679.7246434894158,22.766939005178696
Female,45-49 years,2015,343.35732381059915,709.6426761894008,24.594880692882438
Female,45-49 years,2016,351.43330875491245,735.5666912450876,25.03385795130133
Female,45-49 years,2017,355.52409230018026,682.4759076998198,25.153944607068258
Female,45-49 years,2018,366.58048460396014,705.4195153960397,26.054994502569755
Female,45-49 years,2019,371.92340371431646,656.0765962856834,26.6169859727017
Female,45-49 years,2020,445.42953945577426,1019.5704605442259,32.380298575097775
Female,45-49 years,2021,521.5510161599811,988.4489838400186,38.65345113466102
Female,45-49 years,2022,480.0830906364976,807.9169093635024,35.9737025771819
Female,50-54 years,1999,94.90280872182117,524.0971912781789,10.200204935487083
Female,50-54 years,2000,207.26646776850197,1005.7335322314981,21.140083387662717
Female,50-54 years,2001,235.3606626899457,1050.6393373100543,22.073477640532865
Female,50-54 years,2002,248.8109247045444,1087.1890752954557,22.49750437900341
Female,50-54 years,2003,278.15655717488653,1193.8434428251135,24.30580085135027
Female,50-54 years,2004,285.7889613012192,1194.211038698781,24.110884088751327
Female,50-54 years,2005,322.150437916139,1271.8495620838607,26.324168676785494
Female,50-54 years,2006,353.36959799417747,1307.6304020058226,27.95285085817078
Female,50-54 years,2007,396.9353255232367,1333.0646744767632,30.1746175312865
Female,50-54 years,2008,415.17939931427327,1376.8206006857267,30.496906769317743
Female,50-54 years,2009,463.69498525088494,1260.305014749115,33.13143578140053
Female,50-54 years,2010,485.4640122374395,1299.5359877625608,33.905853627422786
Female,50-54 years,2011,529.1392623966182,1307.860737603382,36.385489957195944
Female,50-54 years,2012,519.8924462534051,1302.1075537465947,35.59736841678113
Female,50-54 years,2013,572.4049955784578,1255.5950044215424,38.99243152735767
Female,50-54 years,2014,591.2925930636634,1134.7074069363368,40.12727101032433
Female,50-54 years,2015,607.9937845391606,1086.0062154608395,41.427673869511075
Female,50-54 years,2016,645.9373879478027,1196.062612052197,44.51158191633373
Female,50-54 years,2017,639.7488294805453,1079.2511705194547,44.66980102826581
Female,50-54 years,2018,631.3537808072649,1086.646219192735,44.94552115828011
Female,50-54 years,2019,610.4213587131028,1055.578641286897,44.32236558087226
Female,50-54 years,2020,750.3237041290454,1470.6762958709546,54.76003950721502
Female,50-54 years,2021,868.4774910014162,1552.5225089985838,62.70287747615396
Female,50-54 years,2022,815.2659685562504,1151.7340314437495,59.05571871674675
Female,55-59 years,1999,134.9029119514215,609.0970880485785,19.17394786496111
Female,55-59 years,2000,278.3137682061153,1134.6862317938846,38.563262959360976
Female,55-59 years,2001,294.807921966411,1183.192078033589,39.357102974052914
Female,55-59 years,2002,329.1285524149021,1209.871447585098,41.18096310987546
Female,55-59 years,2003,372.0525840268558,1315.9474159731442,43.93977606008693
Female,55-59 years,2004,387.6961062986296,1274.30389370137,42.77214214776667
Female,55-59 years,2005,428.9799297424024,1395.0200702575976,43.94754832329723
Female,55-59 years,2006,510.16179300064135,1503.8382069993586,48.75809443078559
Female,55-59 years,2007,519.1190050703261,1578.880994929674,47.82474958292616
Female,55-59 years,2008,552.7888170204159,1544.211182979584,49.189296041410955
Female,55-59 years,2009,581.778342941852,1534.2216570581481,49.960741224285705
Female,55-59 years,2010,600.6765591044481,1568.323440895552,50.305096707676206
Female,55-59 years,2011,679.1456652249778,1642.8543347750224,54.650330223598075
Female,55-59 years,2012,747.6091043033243,1555.3908956966754,57.86139163646248
Female,55-59 years,2013,783.0934921015988,1587.906507898401,58.846689393575645
Female,55-59 years,2014,848.7019538659215,1643.2980461340785,62.20554343170647
Female,55-59 years,2015,917.7938729220764,1665.206127077924,65.74515901094182
Female,55-59 years,2016,959.2078239918458,1611.7921760081542,67.90938390661586
Female,55-59 years,2017,1016.3192069663911,1635.6807930336088,71.51124238260228
Female,55-59 years,2018,1020.4770070462821,1622.522992953718,71.54479289024916
Female,55-59 years,2019,1073.7903809595748,1509.2096190404252,75.14383553020859
Female,55-59 years,2020,1268.389350068038,2275.610649931962,89.21877000778231
Female,55-59 years,2021,1427.5894352486325,2120.4105647513675,100.71866894938366
Female,55-59 years,2022,1349.4424395209908,1718.5575604790092,97.50158700778317
Female,60-64 years,1999,213.7754733163849,657.2245266836151,36.48948516550766
Female,60-64 years,2000,443.3331108281047,1340.6668891718955,74.36615859929391
Female,60-64 years,2001,460.3503506754909,1342.6496493245088,75.3510323706366
Female,60-64 years,2002,472.69843680023166,1360.3015631997685,75.11531706018488
Female,60-64 years,2003,517.3928468221297,1413.6071531778703,79.12318656785507
Female,60-64 years,2004,547.9934785270058,1340.0065214729943,80.80282968492504
Female,60-64 years,2005,582.1618841579854,1379.8381158420145,83.31499827662982
Female,60-64 years,2006,614.0434014050094,1491.9565985949907,85.23716208144563
Female,60-64 years,2007,648.8260674349815,1552.1739325650185,84.39827248502881
Female,60-64 years,2008,729.6615246406277,1538.3384753593718,89.5093623168197
Female,60-64 years,2009,729.6988482101303,1624.3011517898694,83.53898681601478
Female,60-64 years,2010,797.8886661538006,1606.1113338461992,86.03287455172025
Female,60-64 years,2011,912.464997942156,1719.5350020578437,90.65695759894963
Female,60-64 years,2012,938.4271302241488,1805.5728697758514,90.2129065158434
Female,60-64 years,2013,986.84541300496,1813.1545869950398,91.79624302048205
Female,60-64 years,2014,1030.6988029159952,1871.3011970840048,92.45535800510717
Female,60-64 years,2015,1096.0171846377527,1910.9828153622473,95.00364793012771
Female,60-64 years,2016,1181.3926550332196,1965.6073449667808,99.27285626212934
Female,60-64 years,2017,1304.7265170044627,1974.2734829955375,105.2502671742699
Female,60-64 years,2018,1377.3513786416922,2106.6486213583075,108.2188731012859
Female,60-64 years,2019,1485.5823963225298,2192.41760367747,114.10318536630274
Female,60-64 years,2020,1845.563504860571,3223.436495139429,138.83588777515686
Female,60-64 years,2021,2136.5463227200353,3050.4536772799647,159.007789294132
Female,60-64 years,2022,2086.004666811142,2481.995333188858,155.72940075006326
Female,65-69 years,1999,332.90702190506545,882.0929780949347,65.53790978147248
Female,65-69 years,2000,676.1777324265471,1650.8222675734528,132.94124645400618
Female,65-69 years,2001,679.1699440154948,1677.8300559845052,130.02598797235004
Female,65-69 years,2002,733.6498094712952,1580.3501905287046,138.4163962997061
Female,65-69 years,2003,753.7150849671043,1656.2849150328957,139.69923376718947
Female,65-69 years,2004,759.8281556681975,1645.171844331802,138.48924290641614
Female,65-69 years,2005,810.9822284555709,1654.017771544429,144.36222512377344
Female,65-69 years,2006,839.958292718555,1686.041707281445,146.21320209209364
Female,65-69 years,2007,848.2433423845364,1659.7566576154638,143.1071565754794
Female,65-69 years,2008,909.0496128352289,1529.950387164771,147.25600620016473
Female,65-69 years,2009,927.0038302324963,1685.9961697675037,144.50971815771857
Female,65-69 years,2010,958.4683145350508,1620.531685464949,145.760682175708
Female,65-69 years,2011,1022.3082632292069,1649.6917367707931,150.184186529104
Female,65-69 years,2012,1083.8766382375925,1644.123361762408,148.63669800244543
Female,65-69 years,2013,1151.9752081024226,1735.0247918975774,148.70105901473394
Female,65-69 years,2014,1221.440736922232,1572.5592630777678,147.4229883506933
Female,65-69 years,2015,1343.043936639565,1670.9560633604349,151.6814789352111
Female,65-69 years,2016,1483.4234384825402,1973.5765615174598,156.80843104010953
Female,65-69 years,2017,1598.5171331108172,1995.4828668891826,163.37272222037527
Female,65-69 years,2018,1636.7582217712386,2098.2417782287616,162.4443316985174
Female,65-69 years,2019,1779.8987623975381,2323.1012376024623,170.65790084571918
Female,65-69 years,2020,2266.2731407535707,3646.726859246428,210.33029205598334
Female,65-69 years,2021,2610.650205711711,3618.349794288289,236.0195680843339
Female,65-69 years,2022,2624.6993763234373,2876.3006236765623,231.93909830514286
Female,70-74 years,1999,492.4009605117833,1039.5990394882167,113.12930592682066
Female,70-74 years,2000,1008.8440649784526,1974.1559350215477,228.87389004606604
Female,70-74 years,2001,1041.556604731647,1865.443395268353,236.31352886240947
Female,70-74 years,2002,1094.8528512262144,1826.1471487737858,247.50491713149918
Female,70-74 years,2003,1115.3462123527117,1860.6537876472885,249.58684657136342
Female,70-74 years,2004,1140.3485728511541,1845.6514271488459,252.96052423378703
Female,70-74 years,2005,1163.2287110839973,1789.7712889160025,254.75099560766805
Female,70-74 years,2006,1230.0042845795253,1853.995715420475,263.5738528319145
Female,70-74 years,2007,1247.0473067093087,1697.952693290691,263.75956419125094
Female,70-74 years,2008,1265.0647788836493,1773.9352211163502,263.2902264770344
Female,70-74 years,2009,1261.4771114441874,1654.5228885558129,258.5460311376206
Female,70-74 years,2010,1274.2518068819325,1766.748193118068,256.5621440011622
Female,70-74 years,2011,1352.222542874474,1766.7774571255263,262.13280169863447
Female,70-74 years,2012,1372.4383568092283,1648.561643190772,258.1882473092149
Female,70-74 years,2013,1434.6531133250312,1746.3468866749686,257.7742884473081
Female,70-74 years,2014,1471.0790741810704,1659.9209258189296,253.1637876810119
Female,70-74 years,2015,1563.2140425709285,1684.7859574290717,259.03714388444985
Female,70-74 years,2016,1696.9506199453592,1700.049380054641,272.8957900048983
Female,70-74 years,2017,1847.6163760739141,1771.3836239260859,276.4870438735848
Female,70-74 years,2018,2007.571548123275,1879.428451876725,283.4400057777733
Female,70-74 years,2019,2197.837013756266,1901.1629862437337,290.7168744370106
Female,70-74 years,2020,2872.079806689219,3209.9201933107815,355.96822733358687
Female,70-74 years,2021,3295.092086308282,3153.907913691718,387.7929356938748
Female,70-74 years,2022,3375.430518288754,2722.5694817112458,388.3943602308153
Female,75-79 years,1999,693.7979114588383,1150.202088541162,202.0437145691017
Female,75-79 years,2000,1495.684484056138,2198.3155159438616,434.3324168775302
Female,75-79 years,2001,1549.0185904107923,2093.981409589208,436.7455629300207
Female,75-79 years,2002,1611.9048921172086,2095.0951078827916,448.2357024999816
Female,75-79 years,2003,1659.682631484271,2090.317368515729,456.68822082738865
Female,75-79 years,2004,1650.2956500930634,2062.7043499069364,451.89808377321066
Female,75-79 years,2005,1737.9405742752895,2037.0594257247108,471.3046403332572
Female,75-79 years,2006,1769.636283207159,1917.3637167928403,481.53499280464956
Female,75-79 years,2007,1771.8506710488998,1904.1493289510997,481.12554607705715
Female,75-79 years,2008,1791.5268255416433,1827.4731744583569,481.959884950552
Female,75-79 years,2009,1750.223599972636,1783.7764000273642,467.2458707342928
Female,75-79 years,2010,1794.998872621089,1717.0011273789107,474.7707140664703
Female,75-79 years,2011,1921.061909169551,1620.9380908304493,488.61095235867384
Female,75-79 years,2012,1973.6013190726062,1725.3986809273938,494.01290577130794
Female,75-79 years,2013,1949.8427397322612,1746.157260267739,476.43013620458856
Female,75-79 years,2014,1953.730940007514,1708.2690599924863,464.92386001996874
Female,75-79 years,2015,2045.6063479015654,1556.3936520984346,471.85321016538
Female,75-79 years,2016,2111.4946760274197,1621.5053239725798,473.4845040290392
Female,75-79 years,2017,2305.0277717765484,1751.9722282234513,496.4982265806543
Female,75-79 years,2018,2448.0246160884863,1605.9753839115137,503.2169414848628
Female,75-79 years,2019,2619.342511600013,1755.6574883999867,515.4014866965517
Female,75-79 years,2020,3344.394869916849,2894.605130083151,635.2694105488712
Female,75-79 years,2021,3675.7425254061595,2311.257474593841,705.8988791257761
Female,75-79 years,2022,3876.580623102563,1996.4193768974376,691.1542692535124
Female,80-84 years,1999,840.5319379040938,897.4680620959062,369.0104214171981
Female,80-84 years,2000,1860.0285043644533,1640.9714956355467,803.6277205684297
Female,80-84 years,2001,1928.059722909878,1689.9402770901222,810.4223997973495
Female,80-84 years,2002,2051.4146483640734,1813.585351635927,841.1608413861272
Female,80-84 years,2003,2164.50440778919,1739.4955922108109,867.0364229820023
Female,80-84 years,2004,2200.8460675919764,1889.1539324080231,863.8221475751537
Female,80-84 years,2005,2302.5848375451264,1817.4151624548733,889.846591673092
Female,80-84 years,2006,2445.9163994063697,1946.08360059363,924.5992633974588
Female,80-84 years,2007,2495.0442292774205,1768.95577072258,927.9707477851535
Female,80-84 years,2008,2528.747293103252,1816.252706896748,928.7338697083698
Female,80-84 years,2009,2461.716857010801,1796.2831429891985,897.0519442651677
Female,80-84 years,2010,2514.1736802418586,1684.8263197581414,905.3495042318235
Female,80-84 years,2011,2623.0098153501485,1601.9901846498517,930.5082888183861
Female,80-84 years,2012,2647.2811187570137,1647.718881242986,930.2414501219389
Female,80-84 years,2013,2693.3915225520086,1519.6084774479912,928.4771542854415
Female,80-84 years,2014,2680.685529713643,1352.3144702863574,905.618646146917
Female,80-84 years,2015,2805.738062474379,1366.2619375256209,925.485236530188
Female,80-84 years,2016,2857.772970361755,1521.2270296382444,913.642414011284
Female,80-84 years,2017,3059.5563619942936,1355.4436380057061,951.5794659167881
Female,80-84 years,2018,3257.349433803998,1318.6505661960023,987.503504186359
Female,80-84 years,2019,3466.7869398711523,1330.2130601288477,1014.065855404438
Female,80-84 years,2020,4348.40640068307,2188.59359931693,1235.5989738448798
Female,80-84 years,2021,4495.235749707615,1870.764250292386,1313.1638870263916
Female,80-84 years,2022,4667.590103483318,1411.4098965166822,1303.3337624594956
Male,20-24 years,1999,2.1317807859256233,37.86821921407437,0.16885793610348154
Male,20-24 years,2000,5.608869976235875,29.391130023764124,0.43520974012789476
Male,20-24 years,2001,7.009577289841759,32.990422710158235,0.5175514640237039
Male,20-24 years,2002,7.764778549051997,23.235221450947996,0.5558129057533464
Male,20-24 years,2003,9.85609808746708,31.143901912532925,0.6907568104304278
Male,20-24 years,2004,10.159843165309608,35.8401568346904,0.6980220227499337
Male,20-24 years,2005,12.448833926436857,29.55116607356314,0.8484293336266328
Male,20-24 years,2006,16.652056110648562,14.347943889351436,1.1247027241224392
Male,20-24 years,2007,13.562173793367931,49.43782620663207,0.9123579659675015
Male,20-24 years,2008,15.581532750187312,30.41846724981268,1.040186277179524
Male,20-24 years,2009,17.03127204596669,34.968727954033305,1.1185621504978767
Male,20-24 years,2010,14.454756690596767,25.54524330940323,0.9324223773911194
Male,20-24 years,2011,14.933918746629796,51.06608125337019,0.9028016229618872
Male,20-24 years,2012,18.912684994991,39.087315005009,1.0885838099163332
Male,20-24 years,2013,19.463069504006008,23.536930495993992,1.084801821020657
Male,20-24 years,2014,17.134379245857737,31.865620754142263,0.9381648013579784
Male,20-24 years,2015,19.20481006456526,20.795189935434742,1.0577432786546486
Male,20-24 years,2016,21.59784411794832,29.402155882051684,1.2179065996797218
Male,20-24 years,2017,21.804371002047315,32.19562899795268,1.2579752045125323
Male,20-24 years,2018,21.336105882124627,19.663894117875373,1.2614256049991266
Male,20-24 years,2019,17.682740902585426,45.31725909741456,1.0650072215681985
Male,20-24 years,2020,20.173687101222914,43.82631289877709,1.2208829722626937
Male,20-24 years,2021,24.633690859430704,42.366309140569285,1.4997133048065645
Male,20-24 years,2022,23.48490101236237,41.51509898763763,1.3666399377320706
Male,25-29 years,1999,9.554384790407708,45.44561520959229,0.7784507051651316
Male,25-29 years,2000,17.251879732931716,45.74812026706828,1.4172831984334948
Male,25-29 years,2001,17.391725348178113,65.60827465182189,1.478426830077528
Male,25-29 years,2002,19.15822230037099,69.841777699629,1.6495473484140568
Male,25-29 years,2003,20.591589977004116,82.4084100229959,1.7804400154774884
Male,25-29 years,2004,24.733583537359507,73.2664164626405,2.088708130540081
Male,25-29 years,2005,26.339715578966896,60.660284421033104,2.160237873050364
Male,25-29 years,2006,29.4819592083477,87.5180407916523,2.3379176000941846
Male,25-29 years,2007,29.289540769710957,79.71045923028903,2.2616288283599078
Male,25-29 years,2008,29.69257028730095,95.30742971269906,2.2384618964667893
Male,25-29 years,2009,36.18618724564655,70.81381275435346,2.697884650904103
Male,25-29 years,2010,33.778077156887306,81.2219228431127,2.516355915291815
Male,25-29 years,2011,38.36386632822369,76.6361336717763,2.8036383940062333
Male,25-29 years,2012,44.23959319928822,83.76040680071176,3.1586849068085296
Male,25-29 years,2013,39.68589682925702,89.31410317074297,2.7510437459972312
Male,25-29 years,2014,46.869084211117915,96.13091578888208,3.089569891504863
Male,25-29 years,2015,47.29265817268107,76.70734182731893,2.9575656751976855
Male,25-29 years,2016,51.970313660048355,94.02968633995164,3.0877862162131477
Male,25-29 years,2017,56.7637213225062,77.2362786774938,3.214910937202123
Male,25-29 years,2018,58.05595436568126,115.94404563431873,3.182142058926967
Male,25-29 years,2019,54.127896775660226,124.87210322433977,2.9323722407737596
Male,25-29 years,2020,75.23877304075907,146.76122695924093,4.110107951678626
Male,25-29 years,2021,84.62473251701728,131.3752674829827,4.873528723359914
Male,25-29 years,2022,81.9098308568705,113.0901691431295,4.805065119113212
Male,30-34 years,1999,24.885518813644904,90.11448118635509,1.9937284238493262
Male,30-34 years,2000,33.927109391783944,154.07289060821606,2.727590679558688
Male,30-34 years,2001,35.50518877981473,140.49481122018528,2.860456605546278
Male,30-34 years,2002,43.73267409691643,154.26732590308356,3.516127053380794
Male,30-34 years,2003,51.15671292859127,168.84328707140875,4.145929978927927
Male,30-34 years,2004,50.98980272999578,155.01019727000423,4.172122417368974
Male,30-34 years,2005,49.78217429398673,180.21782570601326,4.161227073207543
Male,30-34 years,2006,57.40978995973856,181.59021004026144,4.899449542546132
Male,30-34 years,2007,59.72645748691614,193.2735425130838,5.1228693103586345
Male,30-34 years,2008,70.75110017012103,171.24889982987892,6.01781587471919
Male,30-34 years,2009,71.37846657894971,198.62153342105026,5.897852631405187
Male,30-34 years,2010,86.00567125940755,151.99432874059244,6.907270487694027
Male,30-34 years,2011,80.53892709907083,160.4610729009292,6.26263991588564
Male,30-34 years,2012,95.7284125095474,144.27158749045265,7.274201006957254
Male,30-34 years,2013,83.29879640046434,210.70120359953566,6.207419978677192
Male,30-34 years,2014,102.74308266628049,160.2569173337195,7.542703212731067
Male,30-34 years,2015,101.0900131594117,187.9099868405883,7.353835404716355
Male,30-34 years,2016,109.13728803925893,197.86271196074105,7.809214589817067
Male,30-34 years,2017,121.86692317994418,235.13307682005578,8.514071115628168
Male,30-34 years,2018,121.92829709928746,224.07170290071255,8.274740217121646
Male,30-34 years,2019,135.71417863846764,259.28582136153244,8.820753880431647
Male,30-34 years,2020,171.50152874554954,344.49847125445046,10.604548398390445
Male,30-34 years,2021,197.42370388178477,312.5762961182152,11.759824820007218
Male,30-34 years,2022,186.02074940457368,309.9792505954263,10.693994405513212
Male,35-39 years,1999,46.15175054638365,225.84824945361632,3.459101742930183
Male,35-39 years,2000,87.85880801724981,270.1411919827502,6.590148697947906
Male,35-39 years,2001,95.48391267089976,277.5160873291002,7.218601931048072
Male,35-39 years,2002,92.8296466135234,331.1703533864767,7.147246041091501
Male,35-39 years,2003,110.29270714019447,325.70729285980553,8.663264007467903
Male,35-39 years,2004,113.28948065344761,343.7105193465524,9.07493408674677
Male,35-39 years,2005,118.0011226362725,344.99887736372756,9.525130173087122
Male,35-39 years,2006,132.76908254023104,357.23091745976905,10.669205147180202
Male,35-39 years,2007,138.3896917612098,342.6103082387902,11.03894163133329
Male,35-39 years,2008,149.17420002567604,330.8257999743239,11.900158591906816
Male,35-39 years,2009,154.26903139143036,371.73096860856964,12.398067618107092
Male,35-39 years,2010,150.38124493247005,350.61875506753,12.26358621972417
Male,35-39 years,2011,156.5238392771564,347.47616072284364,13.11244992704694
Male,35-39 years,2012,171.65774495270617,338.3422550472938,14.42794254573457
Male,35-39 years,2013,155.73456954969657,388.2654304503034,12.978497274428584
Male,35-39 years,2014,188.5124464479276,361.48755355207237,15.31288174670085
Male,35-39 years,2015,191.33350528628645,419.6664947137135,15.050106212197376
Male,35-39 years,2016,208.98864763700874,408.01135236299126,16.035578485147006
Male,35-39 years,2017,227.1100455332644,404.88995446673556,16.997435568892282
Male,35-39 years,2018,247.5284677706338,436.4715322293662,18.178714605753346
Male,35-39 years,2019,242.15172098656157,479.84827901343846,17.62287682679572
Male,35-39 years,2020,315.823829872083,564.1761701279169,22.822130873533386
Male,35-39 years,2021,343.6047222449069,665.3952777550932,23.956048801405753
Male,35-39 years,2022,331.0953611569476,652.9046388430523,22.77468165260438
Male,40-44 years,1999,90.26891736511072,360.73108263488933,7.2310178390565145
Male,40-44 years,2000,188.43335745971305,576.5666425402869,14.794786739160305
Male,40-44 years,2001,197.93759461443398,595.0624053855661,15.178541711546995
Male,40-44 years,2002,216.740622981981,562.259377018019,16.484771593854013
Male,40-44 years,2003,245.12489841942426,639.8751015805758,18.54882123048631
Male,40-44 years,2004,255.25769361335247,586.7423063866476,19.16351928556593
Male,40-44 years,2005,270.4866213935801,592.5133786064199,20.351203255268633
Male,40-44 years,2006,298.6026046648908,597.3973953351092,22.547821553965605
Male,40-44 years,2007,296.37041930449055,667.6295806955095,22.705696626863165
Male,40-44 years,2008,313.2238468735039,577.7761531264962,24.35123491271337
Male,40-44 years,2009,305.7202208950446,596.2797791049555,24.217592271086374
Male,40-44 years,2010,303.24006864677335,558.7599313532266,24.114058152907884
Male,40-44 years,2011,327.6634443429974,642.3365556570026,26.073550762598973
Male,40-44 years,2012,325.2342907219949,584.765709278005,25.774973864934587
Male,40-44 years,2013,348.1409816225073,624.8590183774928,27.74312473234401
Male,40-44 years,2014,360.51850105924905,642.481498940751,28.911909496272845
Male,40-44 years,2015,357.93136665149655,651.0686333485033,29.172473073574903
Male,40-44 years,2016,368.90118841996315,667.0988115800368,30.75511854896694
Male,40-44 years,2017,390.325801009436,648.674198990564,32.582839587447886
Male,40-44 years,2018,391.0281501843645,671.9718498156356,32.48435506452495
Male,40-44 years,2019,423.7101972890412,726.2898027109587,34.50330100690223
Male,40-44 years,2020,531.4113414705786,996.5886585294214,41.992038077335025
Male,40-44 years,2021,636.5359618395545,1101.4640381604454,47.87654955108808
Male,40-44 years,2022,592.8121783697841,945.1878216302159,43.762701358903186
Male,45-49 years,1999,128.23522658853787,532.7647734114621,12.48410481708683
Male,45-49 years,2000,292.41022452880674,893.5897754711932,27.5593768376256
Male,45-49 years,2001,302.4777126172135,1025.5222873827865,27.36403933992292
Male,45-49 years,2002,356.9733156563696,1025.0266843436302,30.943242700391508
Male,45-49 years,2003,396.56127571818104,1142.438724281819,33.14618390641441
Male,45-49 years,2004,445.64128294278896,1104.358717057211,36.183724430178536
Male,45-49 years,2005,477.5525149662872,1146.4474850337126,37.66445449855686
Male,45-49 years,2006,525.6216888788518,1120.3783111211483,40.63772061474014
Male,45-49 years,2007,536.8141796951701,1099.18582030483,41.05559181779157
Male,45-49 years,2008,594.2426948546732,947.7573051453269,45.068131631253074
Male,45-49 years,2009,601.8578088899037,985.1421911100962,45.245424876722474
Male,45-49 years,2010,630.9014587380201,1018.0985412619798,47.448115446888174
Male,45-49 years,2011,677.2202456524383,973.7797543475616,51.562690015809316
Male,45-49 years,2012,638.3028058686679,992.6971941313319,49.36343687019305
Male,45-49 years,2013,655.520107844845,944.4798921551551,51.63649243750207
Male,45-49 years,2014,655.086242810211,947.9137571897888,52.52295414429412
Male,45-49 years,2015,655.5497079234943,867.4502920765058,52.84487902410804
Male,45-49 years,2016,708.5102061940192,998.4897938059804,57.01217123473784
Male,45-49 years,2017,708.3665378905926,1034.6334621094077,56.67376625452176
Male,45-49 years,2018,746.9501155647084,1060.0498844352915,60.19126431569634
Male,45-49 years,2019,743.6418138201457,1066.3581861798546,60.501428555633666
Male,45-49 years,2020,905.9748728543058,1545.0251271456941,75.01773008388024
Male,45-49 years,2021,1002.419796246373,1469.5802037536268,82.92438314596629
Male,45-49 years,2022,903.438742302682,1314.561257697318,75.27251098983874
Male,50-54 years,1999,148.07900746196597,612.920992538034,18.790393012430062
Male,50-54 years,2000,391.35417817922115,1211.645821820779,46.869493558489076
Male,50-54 years,2001,432.9519836372935,1416.0480163627064,47.439566316724736
Male,50-54 years,2002,493.7569761589266,1418.2430238410734,52.20963669573728
Male,50-54 years,2003,559.4010509349932,1451.5989490650068,57.09828674176937
Male,50-54 years,2004,597.4704664809424,1563.5295335190574,58.73862198584131
Male,50-54 years,2005,655.6076144155865,1633.3923855844137,62.19855628311839
Male,50-54 years,2006,757.537467158185,1805.4625328418151,69.29218149886759
Male,50-54 years,2007,801.72477555827,1694.2752244417302,70.06081090092867
Male,50-54 years,2008,872.147444992638,1634.852555007362,73.21402625795506
Male,50-54 years,2009,927.7345672939946,1590.2654327060052,75.45747529801173
Male,50-54 years,2010,966.7672567467807,1537.232743253219,76.68805962220894
Male,50-54 years,2011,1026.3535030145174,1637.6464969854828,80.14961598555286
Male,50-54 years,2012,1059.0856602533734,1561.9143397466266,82.29289240032396
Male,50-54 years,2013,1134.0497460109107,1450.9502539890889,87.7966293465485
Male,50-54 years,2014,1186.591276664056,1337.4087233359442,91.51821212421271
Male,50-54 years,2015,1185.5282746267173,1473.4717253732827,91.81941976054851
Male,50-54 years,2016,1211.2833865856246,1486.7166134143752,94.82754088417343
Male,50-54 years,2017,1250.122261509923,1391.877738490077,99.27727348610397
Male,50-54 years,2018,1255.201944877885,1521.798055122115,101.6673142260219
Male,50-54 years,2019,1287.3519161036022,1390.648083896398,106.4940216771162
Male,50-54 years,2020,1490.0397158389756,2290.9602841610244,124.07030650702065
Male,50-54 years,2021,1714.8596466323434,2215.1403533676576,138.1478493599842
Male,50-54 years,2022,1595.3332187646436,1866.666781235357,128.40944145628902
Male,55-59 years,1999,184.74836791947206,740.251632080528,32.18937940061401
Male,55-59 years,2000,472.03976944901206,1370.960230550988,79.91828864815925
Male,55-59 years,2001,494.10702417826616,1383.8929758217337,80.16233805576503
Male,55-59 years,2002,553.8044505562639,1548.1955494437361,83.55919642534033
Male,55-59 years,2003,634.193855430767,1623.8061445692333,89.74589515828332
Male,55-59 years,2004,693.9839546107055,1744.0160453892943,91.47797750047197
Male,55-59 years,2005,806.3301668759524,1820.6698331240475,98.21664429997556
Male,55-59 years,2006,911.0044842880394,2018.9955157119605,103.39551988487396
Male,55-59 years,2007,983.6597300679597,1991.34026993204,107.81664064229648
Male,55-59 years,2008,1041.026226727863,2102.973773272137,110.12596217388707
Male,55-59 years,2009,1091.146203058904,2172.853796941096,111.14682892597288
Male,55-59 years,2010,1177.0705904199544,2115.9294095800456,116.58134953092484
Male,55-59 years,2011,1294.2758017526262,2070.7241982473734,122.69424282335949
Male,55-59 years,2012,1426.022369049868,2270.9776309501317,129.55406926490286
Male,55-59 years,2013,1524.2369234518794,2090.7630765481204,133.82097146051836
Male,55-59 years,2014,1626.3626660979376,2182.637333902063,138.7995294241392
Male,55-59 years,2015,1690.349483449593,2068.650516550407,140.78232834558273
Male,55-59 years,2016,1811.912704211384,2112.0872957886163,148.93347187975786
Male,55-59 years,2017,1870.26395188978,2249.73604811022,152.745557070164
Male,55-59 years,2018,1996.2163500352342,2252.783649964766,162.6851178023292
Male,55-59 years,2019,2031.4772749322135,2243.5227250677867,165.36376160426323
Male,55-59 years,2020,2448.9846736760232,3255.0153263239763,200.54445200627788
Male,55-59 years,2021,2726.6507238114473,3063.3492761885536,218.97590344643697
Male,55-59 years,2022,2493.9657560321098,2533.0342439678902,204.80987535761
Male,60-64 years,1999,247.77839136194333,738.2216086380566,53.93650944231214
Male,60-64 years,2000,597.7217970342746,1486.2782029657253,127.0823777239274
Male,60-64 years,2001,620.456704898257,1431.5432951017433,128.28948612355876
Male,60-64 years,2002,654.9431730366296,1554.0568269633702,131.5199753075685
Male,60-64 years,2003,722.7375715863461,1597.2624284136537,139.44037127881148
Male,60-64 years,2004,770.6217121588089,1685.378287841191,143.05210918114142
Male,60-64 years,2005,852.1291171023734,1803.8708828976269,153.04647760909614
Male,60-64 years,2006,914.166520643832,1986.8334793561683,158.4926386547279
Male,60-64 years,2007,986.2340218099142,2070.7659781900857,159.04742904392833
Male,60-64 years,2008,1088.0753343423935,1967.9246656576065,164.46219964183481
Male,60-64 years,2009,1181.3826137015567,2085.6173862984438,166.20277398419216
Male,60-64 years,2010,1288.3444332524307,2197.6555667475695,169.98467291348547
Male,60-64 years,2011,1435.1498689268283,2516.850131073172,174.9660002714833
Male,60-64 years,2012,1559.7879083683192,2474.2120916316812,184.6145361542545
Male,60-64 years,2013,1667.7697129675212,2564.230287032479,191.0542326380719
Male,60-64 years,2014,1774.3805999078086,2495.619400092192,196.14217809380622
Male,60-64 years,2015,1898.0906058154812,2606.9093941845185,202.2280898045344
Male,60-64 years,2016,2079.076225766949,2689.92377423305,213.90289285771084
Male,60-64 years,2017,2220.3674543631146,2847.632545636886,218.69185353647111
Male,60-64 years,2018,2408.2019334692764,2980.798066530724,229.77118631080018
Male,60-64 years,2019,2631.220829174021,2953.7791708259792,244.3501286351364
Male,60-64 years,2020,3256.6052058166188,4511.394794183382,295.3579738922161
Male,60-64 years,2021,3676.3107878041646,4140.689212195835,320.9921965853513
Male,60-64 years,2022,3534.4201040778244,3462.5798959221756,309.38686742132313
Male,65-69 years,1999,329.3908606456493,853.6091393543509,87.49481647775761
Male,65-69 years,2000,743.0156968427967,1476.9843031572034,198.01343074148113
Male,65-69 years,2001,782.0981935053626,1620.9018064946374,201.39833069094198
Male,65-69 years,2002,822.2793094628165,1573.7206905371836,207.20101737498874
Male,65-69 years,2003,897.1131075816536,1624.8868924183464,220.79794922082021
Male,65-69 years,2004,924.302350540169,1652.697649459831,222.26019274047323
Male,65-69 years,2005,975.3256556800847,1606.6743443199155,228.40601377942752
Male,65-69 years,2006,1003.3002305325525,1796.6997694674474,229.66856371511136
Male,65-69 years,2007,1061.5589011910065,1777.4410988089935,235.69561343867957
Male,65-69 years,2008,1106.21041604565,1981.78958395435,235.33988359606892
Male,65-69 years,2009,1160.2979316180956,1939.702068381905,237.0218763263884
Male,65-69 years,2010,1227.1473073386915,1882.8526926613085,243.67693693728535
Male,65-69 years,2011,1319.0337878003334,2099.9662121996666,251.69326414337434
Male,65-69 years,2012,1427.062293539286,2115.9377064607143,252.97499318207838
Male,65-69 years,2013,1565.350558779974,2225.6494412200254,260.0833340998354
Male,65-69 years,2014,1707.0342077524947,2222.9657922475053,265.8451444524813
Male,65-69 years,2015,1866.3682008425026,2378.6317991574974,271.74051437676576
Male,65-69 years,2016,2090.531706155689,2734.468293844311,285.52116295775073
Male,65-69 years,2017,2253.094126211531,2899.9058737884693,298.9080463283515
Male,65-69 years,2018,2447.26230744177,2999.7376925582303,316.0510518763788
Male,65-69 years,2019,2676.762671237584,3141.2373287624155,334.39386160308214
Male,65-69 years,2020,3386.057445737429,4775.942554262571,409.03503263254504
Male,65-69 years,2021,3813.4041770264157,4434.595822973584,436.23041884508035
Male,65-69 years,2022,3846.1238731121502,4113.87612688785,428.72377669540526
Male,70-74 years,1999,399.74035194728464,822.2596480527152,138.3912479737733
Male,70-74 years,2000,914.8232088697945,1710.1767911302054,312.5954912182285
Male,70-74 years,2001,935.8112454503415,1582.1887545496586,316.3255719178542
Male,70-74 years,2002,995.2800563191088,1590.719943680891,332.677098641625
Male,70-74 years,2003,1032.6968694663979,1690.3031305336026,338.775741873031
Male,70-74 years,2004,1055.1322000630273,1656.867799936973,340.492635974438
Male,70-74 years,2005,1114.893134367991,1650.1068656320085,351.7456885310421
Male,70-74 years,2006,1174.7136320427721,1900.2863679572276,360.5871581392151
Male,70-74 years,2007,1213.2640008518915,1790.735999148108,364.99790942076083
Male,70-74 years,2008,1248.0011101711375,1730.998889828863,367.57158808784527
Male,70-74 years,2009,1278.544344730818,1678.4556552691822,368.7796642392234
Male,70-74 years,2010,1289.2557633135536,1784.7442366864464,364.9346597393467
Male,70-74 years,2011,1404.9632966023612,1835.0367033976381,381.09690872215583
Male,70-74 years,2012,1471.7031085010963,1969.296891498904,386.5091364035571
Male,70-74 years,2013,1545.5289979474933,1976.4710020525067,386.29533303694
Male,70-74 years,2014,1668.3653349347492,1881.634665065251,399.53190644541144
Male,70-74 years,2015,1752.9782970512879,1986.0217029487123,403.3943296394461
Male,70-74 years,2016,1900.0134551343629,2138.986544865637,422.54352837679113
Male,70-74 years,2017,2104.7656295183942,2105.2343704816058,433.5316120970631
Male,70-74 years,2018,2353.8973267967813,2261.1026732032187,455.764751389578
Male,70-74 years,2019,2637.2526207236874,2399.747379276312,479.37845288902594
Male,70-74 years,2020,3404.991269791477,4406.008730208523,580.8008197400252
Male,70-74 years,2021,3932.793109142065,3738.206890857935,629.2720683454643
Male,70-74 years,2022,3879.0765315608355,3578.923468439165,616.2017892470756
Male,75-79 years,1999,469.77967228708707,767.220327712913,227.07175559829426
Male,75-79 years,2000,1057.2729592372432,1479.727040762757,509.29105875192954
Male,75-79 years,2001,1119.9421493383284,1478.0578506616714,525.1410917582953
Male,75-79 years,2002,1169.2111968984843,1564.7888031015157,542.212698608534
Male,75-79 years,2003,1200.211433417258,1614.7885665827423,551.7959787675316
Male,75-79 years,2004,1221.0828005565436,1600.9171994434562,558.4645783473787
Male,75-79 years,2005,1261.3581541771293,1567.6418458228707,567.0758497775182
Male,75-79 years,2006,1311.1655764398265,1643.8344235601737,587.6214315535835
Male,75-79 years,2007,1343.53243918598,1634.46756081402,596.0394122647531
Male,75-79 years,2008,1386.7943730226123,1599.205626977388,604.3835737669149
Male,75-79 years,2009,1379.7511125089115,1633.248887491089,592.1704009497515
Male,75-79 years,2010,1443.0914908408583,1631.9085091591421,608.1398299342839
Male,75-79 years,2011,1556.7753797752328,1585.224620224767,621.4746602854457
Male,75-79 years,2012,1601.8447728228898,1628.1552271771104,624.858992413933
Male,75-79 years,2013,1650.7602143333104,1688.2397856666896,623.0388840033178
Male,75-79 years,2014,1717.2155597138828,1634.7844402861172,624.6873534747766
Male,75-79 years,2015,1854.8641583410458,1578.1358416589544,650.9734286319592
Male,75-79 years,2016,1920.8580113528105,1782.1419886471897,654.0404749729513
Male,75-79 years,2017,2094.889484760755,1690.1105152392454,682.9973541864746
Male,75-79 years,2018,2286.125209149813,1939.8747908501866,709.7056742765383
Male,75-79 years,2019,2511.640734899435,1827.3592651005652,746.5500515405548
Male,75-79 years,2020,3228.199858156229,3034.8001418437707,924.2732272707366
Male,75-79 years,2021,3538.9767821707824,2438.023217829218,1008.5370793471632
Male,75-79 years,2022,3677.277275498866,2252.722724501134,979.5728445425273
Male,80-84 years,1999,420.3816407105299,572.6183592894702,372.28930791417656
Male,80-84 years,2000,971.4321203782677,1083.5678796217326,833.7328095525659
Male,80-84 years,2001,1034.5208204215594,1105.4791795784406,857.1435368962494
Male,80-84 years,2002,1103.9429880151079,1085.0570119848917,884.0455082844371
Male,80-84 years,2003,1193.9791351899876,1224.0208648100122,927.2184011726238
Male,80-84 years,2004,1262.0338477932512,1078.9661522067488,957.8422925311945
Male,80-84 years,2005,1307.4198270126415,1317.5801729873585,973.593937665794
Male,80-84 years,2006,1438.178182951635,1326.8218170483647,1046.2825798449214
Male,80-84 years,2007,1466.6746708236622,1354.3253291763376,1048.388590847376
Male,80-84 years,2008,1483.7965179941286,1333.2034820058714,1045.1037626036293
Male,80-84 years,2009,1468.9045824333116,1241.0954175666884,1021.7826935588809
Male,80-84 years,2010,1531.7314716978788,1176.2685283021215,1046.1146090368723
Male,80-84 years,2011,1619.321298832374,1202.678701167626,1075.696538945491
Male,80-84 years,2012,1641.0897137141965,1307.910286285803,1068.0422987453608
Male,80-84 years,2013,1733.7598836983198,1256.2401163016798,1088.409336065188
Male,80-84 years,2014,1786.3918659682377,1126.6081340317623,1081.396830354941
Male,80-84 years,2015,1882.1263651916797,1165.87363480832,1099.8161438849068
Male,80-84 years,2016,2011.2041970334772,1155.7958029665224,1125.6655903874657
Male,80-84 years,2017,2193.186914299696,1253.813085700304,1183.996045207031
Male,80-84 years,2018,2339.470036180148,1205.5299638198524,1221.6553713734454
Male,80-84 years,2019,2556.3255752771897,1259.6744247228105,1270.425893944473
Male,80-84 years,2020,3275.256441546701,2129.7435584532996,1575.5211760148452
Male,80-84 years,2021,3492.118786277711,1514.8812137222885,1711.1938190751985
Male,80-84 years,2022,3548.3992706743875,1354.6007293256125,1705.1496021962564
